{
  "name": "ch20_liv_delay_and_rm_coefficient",
  "app_r_label": "Ch20 Protocol H - LIV Delta_t + RM C_6/C_0 audit",
  "formula": "(a) Delta_t = (L/c)*xi_2*(E/E_P)^2; (b) C_6^RM/C_0^RM = phi^-18",
  "tier": "(a) Tier 2 LIV time delay; (b) Tier 1 RM coefficient",
  "predicted": 0.00017307027171223924,
  "observed": 0.000173,
  "unit": "(RM coefficient cited)",
  "app_r_predicted": 0.000173,
  "app_r_precision_str": "(a) LIV: stated E/E_Planck=8e-9 for E=100 GeV; actual ratio 8.19e-18 (0.0 decades off). (b) RM: stated phi^-18 = 5.4e-4 but phi^-18 = 1.731e-04 (off by pi ~ 1.00); matches pi*phi^-18 = 5.437e-04 = False.",
  "app_r_precision_ppm": null,
  "independent_precision_ppm": 406.1948684348746,
  "status": "PASS",
  "tolerance_ppm": null,
  "discrepancy_notes": [],
  "extra": {
    "phi": 1.618033988749895,
    "phi_neg_18": 0.00017307027171223924,
    "pi_times_phi_neg_18": 0.0005437162941659602,
    "E_Planck_GeV_standard": 1.2208901282098643e+19,
    "E_photon_GeV": 100.0,
    "ratio_E_over_EP_computed": 8.190745234923428e-18,
    "ratio_E_over_EP_stated_in_manuscript": 8e-18,
    "ratio_error_orders": -0.010233430847938626,
    "L_meters": 1e+26,
    "L_over_c_seconds": 3.3356409519815206e+17,
    "Delta_t_at_xi2_unity": 2.2378250590753968e-17,
    "Delta_t_stated_in_manuscript": 2e-17,
    "implied_xi2_from_stated_Delta_t": 0.8937249102154309,
    "C6_RM_C0_RM_stated_in_manuscript": 0.000173,
    "C6_RM_C0_RM_phi_neg_18": 0.00017307027171223924,
    "C6_RM_C0_RM_pi_phi_neg_18": 0.0005437162941659602,
    "RM_error_pct_from_phi_neg_18_only": 0.04061948684348746,
    "RM_matches_pi_phi_neg_18": false
  }
}