{
  "winner_pair": [
    8,
    13
  ],
  "winner_char_mults": {
    "A": 4,
    "T1": 8,
    "T2": 8,
    "G": 8,
    "H": 12
  },
  "winner_topo": {
    "n_edges": 2760,
    "n_triangles": 9800,
    "n_4cycles": 320835,
    "max_degree": 48,
    "min_degree": 28,
    "degree_dist": {
      "35": 12,
      "45": 12,
      "28": 60,
      "48": 60
    },
    "tr_A2": 10082.8558,
    "tr_A3": 140058.5714,
    "tr_A4": 8888591.2453,
    "tr_A5": 414164333.9569,
    "tr_A6": 22225663656.6145,
    "det_A": 1.1425944029526444e+87
  },
  "all_results": [
    {
      "pair": [
        3,
        5
      ],
      "eta": 6.0,
      "char_mults": {
        "A": 4,
        "T1": 8,
        "T2": 8,
        "G": 8,
        "H": 12
      },
      "class_fp_avg": [
        144.0,
        4.0,
        4.0,
        0.0,
        0.0
      ],
      "topo": {
        "n_edges": 1620,
        "n_triangles": 1340,
        "n_4cycles": 56925,
        "max_degree": 27,
        "min_degree": 5,
        "degree_dist": {
          "5": 12,
          "10": 12,
          "27": 60,
          "24": 60
        },
        "tr_A2": 8482.4301,
        "tr_A3": 34057.9865,
        "tr_A4": 4193065.4189,
        "tr_A5": 93362373.8681,
        "tr_A6": 5187134172.2933,
        "det_A": -0.0
      }
    },
    {
      "pair": [
        3,
        6
      ],
      "eta": 4.0,
      "char_mults": {
        "A": 4,
        "T1": 8,
        "T2": 8,
        "G": 8,
        "H": 12
      },
      "class_fp_avg": [
        144.0,
        4.0,
        4.0,
        0.0,
        0.0
      ],
      "topo": {
        "n_edges": 1560,
        "n_triangles": 1460,
        "n_4cycles": 34755,
        "max_degree": 24,
        "min_degree": 10,
        "degree_dist": {
          "10": 12,
          "20": 12,
          "24": 60,
          "22": 60
        },
        "tr_A2": 7974.102,
        "tr_A3": 35942.971,
        "tr_A4": 2733102.5515,
        "tr_A5": 53795518.6104,
        "tr_A6": 2432735073.9565,
        "det_A": 3.100405944501084e+64
      }
    },
    {
      "pair": [
        3,
        8
      ],
      "eta": 0.0,
      "char_mults": {
        "A": 4,
        "T1": 8,
        "T2": 8,
        "G": 8,
        "H": 12
      },
      "class_fp_avg": [
        144.0,
        4.0,
        4.0,
        0.0,
        0.0
      ],
      "topo": {
        "n_edges": 1440,
        "n_triangles": 1080,
        "n_4cycles": 21120,
        "max_degree": 20,
        "min_degree": 20,
        "degree_dist": {
          "20": 144
        },
        "tr_A2": 7054.5277,
        "tr_A3": 25119.7516,
        "tr_A4": 1660461.4297,
        "tr_A5": 27088082.808,
        "tr_A6": 1033835917.2643,
        "det_A": 6.832873465875009e+78
      }
    },
    {
      "pair": [
        3,
        11
      ],
      "eta": -10.0,
      "char_mults": {
        "A": 4,
        "T1": 8,
        "T2": 8,
        "G": 8,
        "H": 12
      },
      "class_fp_avg": [
        144.0,
        4.0,
        4.0,
        0.0,
        0.0
      ],
      "topo": {
        "n_edges": 1860,
        "n_triangles": 3540,
        "n_4cycles": 63015,
        "max_degree": 32,
        "min_degree": 15,
        "degree_dist": {
          "15": 12,
          "25": 12,
          "22": 60,
          "32": 60
        },
        "tr_A2": 8379.9379,
        "tr_A3": 62661.8711,
        "tr_A4": 3178504.4122,
        "tr_A5": 91773683.9433,
        "tr_A6": 3693534469.7089,
        "det_A": -8.347741008968894e+89
      }
    },
    {
      "pair": [
        3,
        12
      ],
      "eta": 2.0,
      "char_mults": {
        "A": 4,
        "T1": 8,
        "T2": 8,
        "G": 8,
        "H": 12
      },
      "class_fp_avg": [
        144.0,
        4.0,
        4.0,
        0.0,
        0.0
      ],
      "topo": {
        "n_edges": 2040,
        "n_triangles": 4480,
        "n_4cycles": 100575,
        "max_degree": 37,
        "min_degree": 15,
        "degree_dist": {
          "20": 12,
          "15": 12,
          "24": 60,
          "37": 60
        },
        "tr_A2": 9516.5942,
        "tr_A3": 85384.177,
        "tr_A4": 5234141.3168,
        "tr_A5": 183175643.7226,
        "tr_A6": 8487166916.6801,
        "det_A": -6.843210311341281e+78
      }
    },
    {
      "pair": [
        3,
        13
      ],
      "eta": 6.0,
      "char_mults": {
        "A": 4,
        "T1": 8,
        "T2": 8,
        "G": 8,
        "H": 12
      },
      "class_fp_avg": [
        144.0,
        4.0,
        4.0,
        0.0,
        0.0
      ],
      "topo": {
        "n_edges": 1980,
        "n_triangles": 5060,
        "n_4cycles": 127125,
        "max_degree": 38,
        "min_degree": 18,
        "degree_dist": {
          "20": 12,
          "30": 12,
          "18": 60,
          "38": 60
        },
        "tr_A2": 8425.7738,
        "tr_A3": 77279.2547,
        "tr_A4": 4425447.6445,
        "tr_A5": 147407095.6747,
        "tr_A6": 6534876744.8502,
        "det_A": -5.992712541497194e+83
      }
    },
    {
      "pair": [
        5,
        6
      ],
      "eta": 0.0,
      "char_mults": {
        "A": 4,
        "T1": 8,
        "T2": 8,
        "G": 8,
        "H": 12
      },
      "class_fp_avg": [
        144.0,
        4.0,
        4.0,
        0.0,
        0.0
      ],
      "topo": {
        "n_edges": 1380,
        "n_triangles": 1000,
        "n_4cycles": 22920,
        "max_degree": 25,
        "min_degree": 10,
        "degree_dist": {
          "10": 12,
          "25": 12,
          "19": 60,
          "20": 60
        },
        "tr_A2": 7031.6097,
        "tr_A3": 23086.4389,
        "tr_A4": 1877287.2824,
        "tr_A5": 27809496.6408,
        "tr_A6": 1112691505.9604,
        "det_A": 2.824730332373247e+77
      }
    },
    {
      "pair": [
        5,
        8
      ],
      "eta": -10.0,
      "char_mults": {
        "A": 4,
        "T1": 8,
        "T2": 8,
        "G": 8,
        "H": 12
      },
      "class_fp_avg": [
        144.0,
        4.0,
        4.0,
        0.0,
        0.0
      ],
      "topo": {
        "n_edges": 1380,
        "n_triangles": 1040,
        "n_4cycles": 18075,
        "max_degree": 25,
        "min_degree": 17,
        "degree_dist": {
          "20": 72,
          "25": 12,
          "17": 60
        },
        "tr_A2": 6740.3636,
        "tr_A3": 22938.1108,
        "tr_A4": 1416057.1026,
        "tr_A5": 23545146.7706,
        "tr_A6": 814790239.2489,
        "det_A": -1.0324917054893978e+82
      }
    },
    {
      "pair": [
        5,
        11
      ],
      "eta": -22.0,
      "char_mults": {
        "A": 4,
        "T1": 8,
        "T2": 8,
        "G": 8,
        "H": 12
      },
      "class_fp_avg": [
        144.0,
        4.0,
        4.0,
        0.0,
        0.0
      ],
      "topo": {
        "n_edges": 1740,
        "n_triangles": 3440,
        "n_4cycles": 52740,
        "max_degree": 31,
        "min_degree": 15,
        "degree_dist": {
          "15": 12,
          "30": 12,
          "18": 60,
          "31": 60
        },
        "tr_A2": 7751.6097,
        "tr_A3": 57207.7691,
        "tr_A4": 2541622.9604,
        "tr_A5": 71462122.791,
        "tr_A6": 2638191682.3173,
        "det_A": -6.39078606012542e+88
      }
    },
    {
      "pair": [
        5,
        12
      ],
      "eta": 24.0,
      "char_mults": {
        "A": 4,
        "T1": 8,
        "T2": 8,
        "G": 8,
        "H": 12
      },
      "class_fp_avg": [
        144.0,
        4.0,
        4.0,
        0.0,
        0.0
      ],
      "topo": {
        "n_edges": 1740,
        "n_triangles": 3120,
        "n_4cycles": 58620,
        "max_degree": 33,
        "min_degree": 17,
        "degree_dist": {
          "20": 24,
          "17": 60,
          "33": 60
        },
        "tr_A2": 7557.4457,
        "tr_A3": 51262.8468,
        "tr_A4": 2678810.7736,
        "tr_A5": 77701028.308,
        "tr_A6": 2961630161.0914,