{
  "protocol": "subjective_lagrangian",
  "state_a": {
    "delta_w": 0.0,
    "coherence_grad_nat_s": 0.0,
    "friction": 1.0,
    "T_internal_J": 0.0,
    "V_consensus_J": 0.0,
    "topological_torque_N": 0.0,
    "neg_entropy_rate_W": 0.0,
    "L_S_J": 0.0,
    "work_per_cycle_J": 0.0,
    "atp_per_cycle_per_spin": 0.0,
    "power_per_spin_W": 0.0,
    "power_total_neuron_nW": 0.0,
    "label": "State A \u2014 Geodesic (Drifting/Baseline)",
    "experience": "Passive flow with Consensus; zero volitional torque."
  },
  "state_b": {
    "delta_w": 0.05,
    "coherence_grad_nat_s": 1000000.0,
    "friction": 0.1,
    "T_internal_J": 4.140969362323112e-21,
    "V_consensus_J": 1.4333573853786383e-25,
    "topological_torque_N": 8.094634394344985e-16,
    "neg_entropy_rate_W": 2.966678181248015e-15,
    "L_S_J": 4.167314224631431e-21,
    "work_per_cycle_J": 4.1411126980616496e-21,
    "atp_per_cycle_per_spin": 0.04970537016022399,
    "power_per_spin_W": 4.638046221829048e-13,
    "power_total_neuron_nW": 57975.5777728631,
    "label": "State B \u2014 Flow (Learning / Negative Entropy)",
    "experience": "High C-gradient, low friction; efficient information compression."
  },
  "state_c": {
    "delta_w": 1.0,
    "coherence_grad_nat_s": 0.0,
    "friction": 1.0,
    "T_internal_J": 1.6563877449292444e-18,
    "V_consensus_J": 5.733429541514551e-22,
    "topological_torque_N": 1.6189268788689966e-13,
    "neg_entropy_rate_W": 0.0,
    "L_S_J": 1.6558144019750929e-18,
    "work_per_cycle_J": 1.656961087883396e-18,
    "atp_per_cycle_per_spin": 19.888341665485754,
    "power_per_spin_W": 1.8557964184294033e-10,
    "power_total_neuron_nW": 23197455.23036754,
    "label": "State C \u2014 Willpower (Habit Override / Maximum Torque)",
    "experience": "Maximum topological torque against crystallised attractor; pure volitional effort."
  },
  "willpower_budget": {
    "work_per_cycle_J": 1.656961087883396e-18,
    "power_per_spin_W": 1.8557964184294033e-10,
    "atp_per_cycle_per_spin": 19.888341665485754,
    "n_active_spins_max": 5.388522092559698,
    "fraction_of_N_bio": 4.310817674047758e-08,
    "atp_per_second_willpower": 12002902066.270699,
    "baseline_atp_per_second": 2.0073333333333336e+16,
    "surplus_ratio": 5.979526104087029e-07,
    "t_fatigue_seconds": 3011000.0000000005,
    "topological_torque_N": 1.6189268788689966e-13,
    "thermal_force_N": 5.903464689655172e-13,
    "willpower_in_kBT_units": 0.27423334668299,
    "within_1nW_budget": false
  },
  "vibrational_stark_effect": {
    "mechanism": "Vibrational Stark Effect + Conical Intersection",
    "atp_field_v_m": 10000000.0,
    "trp_dipole_moment_debye": 5.0,
    "trp_dipole_moment_c_m": 1.66782e-29,
    "stark_shift_ev": 0.001040971366456715,
    "stark_shift_j": 1.66782e-22,
    "ci_seam_gap_ev": 0.01,
    "zeno_frequency_hz": 112000000.0,
    "zeno_energy_ev": 4.6319478205547223e-07,
    "zeno_energy_j": 7.421198568e-26,
    "transition_probability": 0.10408672797287422,
    "atp_energy_ev": 0.52,
    "atp_energy_j": 8.3313184968e-20,
    "polariton_power_w": 9.331076716416e-12,
    "steering_efficiency": 0.000112,
    "kappa_atp_to_ci_channel": 0.10408672797287422,
    "physical_outcome": "ATP energy (0.52 eV) steered via VSE+CI into chiral phonon-polaritons at 112 MHz. Stark shift: 1.041 meV. ATP-to-CI-channel coupling kappa (transition_probability): 0.104 (matches manuscript Ch17 \u00a717.1.3b range 0.1-0.3). Landau-Zener steering efficiency (capped by Zeno-vs-electronic-timescale ratio): 0.0001."
  },
  "wgm_resonance": {
    "radius_m": 7.5e-09,
    "length_m": 1e-06,
    "v_sound_m_s": 1500.0,
    "f_res_long_hz": 750000000.0,
    "f_res_circ_hz": 31830988618.37907,
    "f_wgm_hz": 150000000.0,
    "q_factor": 337.0,
    "omega_wgm_rad_s": 942477796.0769379
  },
  "constants": {
    "K_perp_N_m": 1.1428256945284461e-05,
    "K_parallel_N_m": 0.06603246665196212,
    "omega_Zeno_Hz": 112000000.0,
    "N_bio": 125000000.0,
    "N_bio_central": 0.0,
    "N_bio_basis": "conditional beta-Trp n_rp=1 sensitivity branch; central n_rp=0 pending O.21; hydration shell is bath/environment per Ch13:633",
    "P_neuron_max_W": 1e-09,
    "eps_ATP_eV": 0.52,
    "J_screening": 1e-78,
    "U_zpf_m": 7.083e-09,
    "E_ATP_V_m": 10000000.0,
    "Mu_Trp_Debye": 5.0,
    "Delta_ST_eV": 1.2408e-07
  },
  "pass": true
}