{
  "group_2I_order": 120,
  "group_size_ok": true,
  "axis": [
    0.57735027,
    0.57735027,
    0.57735027
  ],
  "stabilizer_order": 6,
  "stabilizer_is_subgroup": true,
  "element_orders_in_stab": [
    1,
    2,
    3,
    3,
    6,
    6
  ],
  "has_order_6_element": true,
  "J_matrix_2x2": [
    [
      -6.409875621278546e-17,
      -1.0000000000000002
    ],
    [
      1.0,
      1.2819751242557092e-16
    ]
  ],
  "J_derivation": {
    "selected_lift_order_su2": 6,
    "so3_rotation_angle_deg": 119.99999999999999,
    "tangent_signed_angle_deg": -119.99999999999999,
    "tangent_rotation_matrix": [
      [
        -0.4999999999999997,
        0.8660254037844388
      ],
      [
        -0.8660254037844387,
        -0.4999999999999999
      ]
    ],
    "generator_cubed_is_minus_identity_max_error": 2.482534153247273e-16,
    "reconstruction_error": 1.1102230246251565e-16,
    "derivation": "J derived from R_tan = cos(theta) I + sin(theta) J for the order-6 binary lift whose SO(3) image is the 120-degree C3 stabilizer rotation."
  },
  "max_deviation_J2_plus_I": 3.268408087260198e-16,
  "j2_pass": true,
  "verdict": "PASS",
  "pass": true
}