{
  "astrobiology_anchors": {
    "stage_times_gyr": [
      0.5,
      2.4,
      3.7,
      4.5
    ],
    "stage_weights_log10": [
      0.0,
      2.0,
      5.0,
      8.0
    ],
    "stage_weights": [
      1.0,
      100.0,
      100000.0,
      100000000.0
    ],
    "t_anchor_cosmic_gyr": 3.3,
    "anchor_rationale": "SFR peak at z=2 corresponds to cosmic time ~3.3 Gyr post-Big-Bang."
  },
  "pipeline_runs": {
    "V1_current_ansatz": {
      "label": "V1 sigmoid x exp (current ansatz)",
      "w_at_z_0": -1.0049666323940671,
      "w_at_z_015": -1.0016153402121752,
      "w_at_z_028": -1.0004563717046155,
      "w_at_z_05": -1.000018535320949,
      "w_at_z_10": -1.0000000024317857,
      "w0_CPL_fit": -1.0038664021312287,
      "wa_CPL_fit": 0.013762969969164207,
      "z_cross_CPL_fit": 0.39068111233553027
    },
    "V2A_astrobiology_step": {
      "label": "V2A astrobiology step (t_anchor=3.3 Gyr)",
      "w_at_z_0": -1.0049855524211828,
      "w_at_z_015": -1.0029206921227882,
      "w_at_z_028": -1.001501061215911,
      "w_at_z_05": -1.000165764487851,
      "w_at_z_10": -1.0000000000021807,
      "w0_CPL_fit": -1.0049089026385434,
      "wa_CPL_fit": 0.015033643950677217,
      "z_cross_CPL_fit": 0.48484227766494925
    },
    "V2B_astrobiology_convolved": {
      "label": "V2B astrobiology convolved",
      "w_at_z_0": -1.0049848346819579,
      "w_at_z_015": -1.0028965983973417,
      "w_at_z_028": -1.001559232840156,
      "w_at_z_05": -1.0003522268574345,
      "w_at_z_10": -1.0000004932042164,
      "w0_CPL_fit": -1.004825336554075,
      "wa_CPL_fit": 0.014284749286888714,
      "z_cross_CPL_fit": 0.5101095269198135
    }
  },
  "spread_w028_across_V1_V2A_V2B": 0.0011028611355403672,
  "sensitivity_verdict": "PARTIAL_AGREEMENT",
  "verdict_text": "Astrobiology-anchored P_evolve gives w(z=0.28) differing from the V1 ansatz by 1.1e-03, above the Roman Year-10 / Stage-V sub-5e-5 target. The V1 ansatz is only a broad reference; the operative Class-2 envelope is [2,5]e-5 at z=0.28. Closure of O.13 should select between V1, V2A, V2B based on additional physical arguments (saturation bound, peak alignment with SFR + complexity hierarchy)."
}