{
  "m_e_kg": 9.10938281023742e-31,
  "a_6_meters": 3.2361832007726365e-35,
  "G_predicted": 6.689476845823286e-11,
  "G_CODATA": 6.6743e-11,
  "diff_G": 1.5176845823286299e-13,
  "ppm_error": 2273.923231393,
  "verdict": "PASS",
  "pass": true
}