{
  "N_total": 132,
  "dim_nullspace": 42,
  "n_edges": 540,
  "kernel_is_I_invariant": true,
  "max_invariance_violation": 1.7894692241650342e-14,
  "class_trace_avg_on_kernel": [
    42.000000000000014,
    0.0,
    0.0,
    -1.1690301504607703e-15,
    2.0
  ],
  "irrep_decomposition_of_kernel": {
    "A": {
      "dim": 1,
      "multiplicity": 1.1999999999999997,
      "contribution": 1.1999999999999997
    },
    "T1": {
      "dim": 3,
      "multiplicity": 1.6000000000000008,
      "contribution": 4.8000000000000025
    },
    "T2": {
      "dim": 3,
      "multiplicity": 1.6000000000000008,
      "contribution": 4.8000000000000025
    },
    "G": {
      "dim": 4,
      "multiplicity": 2.8000000000000003,
      "contribution": 11.200000000000001
    },
    "H": {
      "dim": 5,
      "multiplicity": 4.000000000000002,
      "contribution": 20.000000000000007
    }
  },
  "irrep_decomp_total": 42.000000000000014,
  "row_duplicate_groups": [
    [
      42,
      [
        0,
        1,
        4,
        7,
        9
      ]
    ]
  ],
  "n_extra_rows_from_duplicates": 41,
  "avg_per_orbit_kernel_weight": [
    0.2857142857142858,
    0.7142857142857145,
    3.366526396287217e-30,
    1.727588494220057e-29
  ]
}