{
  "protocol": "Zeno Drive Energy Budget (Tavis-Cummings)",
  "tau_raw_corrected": 1e-05,
  "shielding_required": 1000,
  "shielding_from_zeno": 0.012444444444444444,
  "shielding_from_current_dfs": 86.8665840555022,
  "tau_eff_ms": 0.00012444444444444447,
  "surface_code_removed": true,
  "model_note": "Trp radical-pair chromophore chain coupled via chiral phonon-polariton DFS.",
  "B1_g_single": {
    "chromophore": "Trp aromatic radical chain in beta-tubulin",
    "mu_Trp_dipole_Debye": 5.0,
    "E_phason_field_V_m": 201.82619393916593,
    "omega_coupling_MHz": 5.0800814866390605,
    "PHI_to_neg9": 0.013155617496424835,
    "f_overlap": 0.01,
    "g_single_Hz": 383346.5431215346
  },
  "B2_cooperativity": {
    "gamma_Hz": 1000.0,
    "gamma_rad_s": 6283.185307179586,
    "K_perp_dimless": 0.00017307027171223924,
    "PHI_to_neg18": 0.00017307027171223924,
    "omega_c_Hz": 112000000.0,
    "kappa_rad_s": 845.780902035938,
    "kappa_Hz": 134.61021133174162,
    "N_crit": 9.159987973621029e-07,
    "R_polaron_nm": 8.5,
    "V_polaron_nm3": 2572.440784514442,
    "V_polaron_L": 2.5724407845144417e-21,
    "R_cell_nm": 15000.0,
    "V_cell_nm3": 14137166941154.068,
    "V_cell_L": 1.4137166941154068e-11,
    "MT_per_neuron": 100000.0,
    "dimers_per_MT": 1250.0,
    "n_rp_per_dimer": 0.0,
    "n_rp_per_dimer_sensitivity_branch": 1.0,
    "N_bio_basis": "central beta-tubulin branch n_rp=0 pending O.21; n_rp=1 beta-Trp count reported only as sensitivity branch",
    "C_posner_M": 0.0001,
    "spins_per_posner": 6,
    "N_posner_secondary_comparison": 5108160556.034905,
    "N_bio": 0.0,
    "N_bio_central": 0.0,
    "N_bio_sensitivity_branch": 125000000.0,
    "cooperativity_ratio": 0.0,
    "cooperativity_ratio_sensitivity_branch": 136463061261625.58,
    "sensitivity_branch": {
      "n_rp_per_dimer": 1.0,
      "N_bio": 125000000.0,
      "cooperativity_ratio": 136463061261625.58,
      "verdict": true,
      "basis": "conditional beta-Trp n_rp=1 sensitivity branch; not the central live-arithmetic branch"
    },
    "verdict": false
  },
  "B3_energy_balance": {
    "E_vac_eV": 3548.6,
    "E_vac_J": 5.6854840034124e-16,
    "eps_ATP_eV": 0.52,
    "N_ATP_raw": 6824.230769230769,
    "E_per_spin_eV": 4.6319478177166384e-07,
    "N_spins_needed": 7661139847.964252,
    "N_bio": 0.0,
    "ratio_spins_bio_needed": 0.0,
    "check1_spins_sufficient": false,
    "Delta_S_released_J_K": 6.530740815122025e-20,
    "Delta_S_polaron_J_K": 9.56713860081672e-22,
    "ratio_entropy": 68.26221598341341,
    "check2_entropy_sufficient": true,
    "verdict": false
  },
  "B4_antizeno_crossover": {
    "f_res_MHz": 112.0,
    "diagnostic_sentinel": true,
    "closure_target": "O.23: physical anti-Zeno crossover from bath spectral density integral",
    "peak_T2_ms": 0.868665840555022,
    "target_T2_ms": 10.0,
    "current_peak_source": "protocol_o23_dfs_collective_dressing.best_tau_eff_collective_s",
    "status": "DIAGNOSTIC_SENTINEL_ONLY__PHYSICAL_CROSSOVER_PENDING",
    "crossover_f_MHz": 50.0,
    "T2_at_112MHz_ms": 0.868665840555022,
    "T2_at_150MHz_ms": 0.001451269242004356,
    "T2_raw_ms": 0.01,
    "diagnostic_shape_pass": true,
    "physical_crossover_verdict": false,
    "verdict": false
  },
  "anti_zeno_subcheck_scope": "Lorentzian width parameter gamma=1.5e6 is a DIAGNOSTIC sentinel, not a physical crossover. Physical anti-Zeno crossover requires solving the bath spectral density far-tail integral against the Misra-Sudarshan kernel; pending O.23.",
  "B5_chiral_polariton_dfs": {
    "OAM_quantum": 1,
    "gamma_0_Hz": 1000.0,
    "gamma_dfs_Hz": 1151.1906573430626,
    "tau_dfs_s": 0.0008686658405550221,
    "dfs_target_s": 0.01,
    "reaches_operative_target_100us": true,
    "reaches_operative_target_1ms": false,
    "reaches_selection_target_10ms": false,
    "E_atp_eV": 0.52,
    "E_drive_eV": 4.6319478177166384e-07,
    "berry_phase_steering": true,
    "verdict": false
  },
  "B6_relativistic_decoherence": {
    "N_crit": 9.159987973621029e-07,
    "N_bio_rest": 0.0,
    "gamma_crit": 1.0,
    "v_max_m_s": 0.0,
    "v_max_c": 0.0,
    "verdict": false
  },
  "parameters": {
    "PHI": 1.618033988749895,
    "N_cage": 144,
    "K_parallel_N_m": 0.06603246665196212,
    "K_perp_N_m": 1.1428256945284461e-05,
    "omega_phason_MHz": 112.0,
    "m_eff_kg": 9.1093837e-31
  },
  "verdict": "CENTRAL_N_RP_ZERO_O21_PENDING_WITH_SENSITIVITY_BRANCH",
  "disposition_text": "Operative biological central branch uses n_rp=0 pending O.21, so B2 cooperativity and downstream B3/B6 energy-delivery checks do not close as live arithmetic. The n_rp=1 beta-Trp count is reported only as a sensitivity branch; it preserves the arithmetic cooperativity ratio but does not become the central verdict until O.21 closes. Current O.23 DFS collective dressing reaches the 100 us floor but remains below the 10 ms Selection target. Posner concentration is reported only as a secondary comparison, not as load-bearing closure.",
  "pass": false
}