{
  "phi": 1.618033988749895,
  "J_obs_PDG": 3.18e-05,
  "J_obs_uncertainty": 1.5e-06,
  "phi_neg_22": 2.5250612343448544e-05,
  "J_GCT_sqrt_phi": 3.211927506312904e-05,
  "J_GCT_4_over_pi": 3.2150078164456504e-05,
  "J_obs_div_phi_neg_22": 1.2593753991970316,
  "best_prefactor_name": "Coxeter_h3/8",
  "best_agreement_percent": 0.744448335501004,
  "exact_phi_exponent_n": 21.520760149431972,
  "prefactor_candidates_J_predictions": {
    "1 (bare phi^-22)": 2.5250612343448544e-05,
    "sqrt(phi)": 3.211927506312904e-05,
    "4/pi": 3.2150078164456504e-05,
    "Coxeter_h3/8": 3.156326542931068e-05,
    "phi^(1/3)": 2.9643840048830963e-05,
    "phi - 1/phi^2": 3.121147332999767e-05,
    "phi/(phi+1/phi)": 1.8271514739068892e-05
  }
}