{
    "N_nodes": 152,
    "eigenvalues_abs_sorted": [
        37.15487519493043,
        17.457356156876937,
        14.047129703963504,
        14.047129703963495,
        14.047129703963474,
        14.04712970396346,
        13.54702386835247,
        13.547023868352467,
        13.547023868352463,
        13.54702386835245,
        13.54702386835244,
        12.178255382975044,
        12.17825538297502,
        12.178255382975014,
        12.006820852890312,
        12.00682085289029,
        12.006820852890284,
        11.387463197665307,
        11.387463197665307,
        11.38746319766529,
        11.387463197665266,
        11.387463197665264,
        10.773736615729238,
        10.77373661572922,
        10.773736615729211,
        10.773736615729202,
        10.072068850831602,
        10.0720688508316,
        10.072068850831597,
        10.072068850831588
    ],
    "gaps": [
        19.697519038053496,
        3.4102264529134327,
        8.881784197001252e-15,
        2.1316282072803006e-14,
        1.4210854715202004e-14,
        0.5001058356109898,
        3.552713678800501e-15,
        3.552713678800501e-15,
        1.2434497875801753e-14,
        1.0658141036401503e-14,
        1.3687684853773963,
        2.3092638912203256e-14,
        7.105427357601002e-15,
        0.1714345300847011,
        2.3092638912203256e-14,
        5.329070518200751e-15,
        0.6193576552249773,
        0.0,
        1.5987211554602254e-14,
        2.4868995751603507e-14,
        1.7763568394002505e-15,
        0.6137265819360262,
        1.7763568394002505e-14,
        8.881784197001252e-15,
        8.881784197001252e-15,
        0.7016677648976,
        1.7763568394002505e-15,
        3.552713678800501e-15,
        8.881784197001252e-15,
        1.3270913726992166
    ],
    "gap_11_sig": 0.6930172442703425,
    "gap_17_sig": 0.23216564141240026,
    "mean_gap": 0.2418230107000078,
    "tier": 3,
    "note": "Bare graph eigenvalues show weak clustering (sig11=0.69, sig17=0.23). Geometric indices 11 and 17 remain a Structural Ansatz (Tier 3) pending full non-linear phason dressing.",
    "operator_construction": "golden-weighted perpendicular-space adjacency on build_canonical_cage(size=152): distance 1 -> weight 1, distance phi^-1 -> weight phi",
    "unit_distance_bonds": 90,
    "phi_inverse_distance_bonds": 1650,
    "finite_spectrum": true,
    "index_available": true,
    "spectral_closure_pass": false,
    "pass_interpretation": "Engine execution/tier-disclosure pass; spectral_closure_pass carries the physics-closure status.",
    "pass": true
}