{
    "N_nodes": 152,
    "lambdas": [
        -3.9633576589174195,
        -3.702459173643833,
        -3.7024591736438324,
        -3.7024591736438293,
        -3.2360679774997934,
        -3.2360679774997907,
        -3.23606797749979,
        -3.2360679774997894,
        -3.236067977499788,
        -2.8025170768881473,
        -2.802517076888147,
        -2.802517076888147,
        -2.802517076888147,
        -2.2882456112707423,
        -2.2882456112707388,
        -2.2882456112707383,
        -2.2882456112707383,
        -2.288245611270738,
        -2.2882456112707374,
        -2.2882456112707374,
        -2.2882456112707374,
        -2.2882456112707374,
        -2.2882456112707374,
        -2.2882456112707374,
        -2.2882456112707374,
        -2.2882456112707374,
        -2.2882456112707374,
        -2.288245611270737,
        -2.288245611270737,
        -2.288245611270737,
        -2.288245611270737,
        -2.288245611270737,
        -2.288245611270737,
        -2.288245611270737,
        -2.2882456112707366,
        -2.2882456112707366,
        -2.288245611270736,
        -2.288245611270736,
        -2.288245611270736,
        -2.288245611270736,
        -2.288245611270735,
        -2.288245611270735,
        -2.288245611270735,
        -1.6180339887498965,
        -1.6180339887498958,
        -1.6180339887498956,
        -1.6180339887498953,
        -1.4142135623730951,
        -1.414213562373094,
        -1.4142135623730931,
        -6.3092151814807184e-15,
        -4.4418939063754715e-15,
        -4.180313154294076e-15,
        -3.4416913763379853e-15,
        -2.3054346223840083e-15,
        -2.0155524391491805e-15,
        -1.8886546078400862e-15,
        -1.8007548563120704e-15,
        -1.777925625659432e-15,
        -1.6424147028503396e-15,
        -1.4784770937637122e-15,
        -1.3033350834381153e-15,
        -1.0248807791118095e-15,
        -9.281781386168933e-16,
        -8.405855560105561e-16,
        -8.010291532828176e-16,
        -7.972320263922186e-16,
        -5.89986948526391e-16,
        -5.241785876118414e-16,
        -4.426679665430195e-16,
        -4.2413555251420703e-16,
        -3.5110056423321667e-16,
        -2.4011953903343603e-16,
        -2.3842524212469694e-16,
        -2.0148415059963003e-16,
        -1.2535772541627985e-16,
        -7.011713191951085e-17,
        -7.011713191951085e-17,
        -7.011713191951085e-17,
        -6.949567730579476e-17,
        0.0,
        7.90871064960337e-17,
        2.810533300704126e-16,
        3.1367111397089143e-16,
        3.7629582542941326e-16,
        3.7629582542941326e-16,
        3.7629582542941326e-16,
        3.767043628795584e-16,
        3.8030232564331046e-16,
        4.249232767659867e-16,
        4.953597018951546e-16,
        5.204898672281698e-16,
        7.233889556174679e-16,
        7.358376605805284e-16,
        9.833648993549882e-16,
        1.2212453270876722e-15,
        1.8201650686979056e-15,
        2.197352828895787e-15,
        2.4694033934227433e-15,
        2.891081491527744e-15,
        3.2886419962195854e-15,
        4.009588940265875e-15,
        1.4142135623730938,
        1.4142135623730945,
        1.414213562373097,
        1.6180339887498931,
        1.6180339887498933,
        1.6180339887498936,
        1.6180339887498996,
        2.288245611270731,
        2.2882456112707326,
        2.288245611270733,
        2.288245611270735,
        2.288245611270735,
        2.2882456112707352,
        2.288245611270736,
        2.288245611270736,
        2.2882456112707366,
        2.2882456112707366,
        2.288245611270737,
        2.2882456112707374,
        2.2882456112707374,
        2.2882456112707374,
        2.2882456112707374,
        2.288245611270738,
        2.288245611270738,
        2.288245611270738,
        2.288245611270738,
        2.2882456112707383,
        2.2882456112707383,
        2.2882456112707383,
        2.2882456112707388,
        2.288245611270739,
        2.288245611270739,
        2.2882456112707397,
        2.28824561127074,
        2.288245611270741,
        2.2882456112707454,
        2.288245611270746,
        2.802517076888145,
        2.802517076888148,
        2.802517076888151,
        2.8025170768881518,
        3.2360679774997827,
        3.2360679774997885,
        3.2360679774997894,
        3.2360679774997902,
        3.236067977499791,
        3.7024591736438297,
        3.70245917364383,
        3.7024591736438337,
        3.963357658917419
    ],